Mes,Importe_Total,Numero_Contratos,Importe_Medio,Importe_Total_Millones,Importe_Medio_Millones
2023-01,631165287.08,604,1044975.6408609272,631.17,1.04
2023-02,575907663.19,878,655931.2792596811,575.91,0.66
2023-03,1128571787.39,1671,675387.0660622383,1128.57,0.68
2023-04,224042963.07,290,772561.9416206896,224.04,0.77
